{"stats":{"minecraft:used":{"minecraft:dirt":1},"minecraft:mined":{"minecraft:grass_block":1,"minecraft:birch_leaves":2},"minecraft:picked_up":{"minecraft:dirt":1},"minecraft:custom":{"minecraft:jump":2,"minecraft:time_since_rest":518,"minecraft:leave_game":1,"minecraft:sprint_one_cm":771,"minecraft:play_time":518,"minecraft:damage_taken":30,"minecraft:time_since_death":518,"minecraft:walk_one_cm":816,"minecraft:total_world_time":518,"minecraft:fall_one_cm":566,"minecraft:fly_one_cm":495}},"DataVersion":3953}